[
  {
    "id": "0f6153ec-ebba-460a-96e5-31bf5819f602",
    "data": [
      {
        "text": "Talk to city name maker",
        "userDefined": false
      }
    ],
    "isTemplate": false,
    "count": 0,
    "updated": 1529802726
  },
  {
    "id": "c3eb6ced-cbfb-459e-994c-d9055e847415",
    "data": [
      {
        "text": "Speak to city name maker",
        "userDefined": false
      }
    ],
    "isTemplate": false,
    "count": 0,
    "updated": 1529802726
  },
  {
    "id": "429423f3-71fd-43ed-87f6-aa9326bf2341",
    "data": [
      {
        "text": "open name maker",
        "userDefined": false
      }
    ],
    "isTemplate": false,
    "count": 0,
    "updated": 1529802726
  },
  {
    "id": "92b194e1-d803-4b89-864b-8dc35dc508f1",
    "data": [
      {
        "text": "Open Name maker app",
        "userDefined": false
      }
    ],
    "isTemplate": false,
    "count": 0,
    "updated": 1529802726
  },
  {
    "id": "f3cd7144-e549-4693-8477-c7632086608c",
    "data": [
      {
        "text": "Let us play Favourite City Name Maker",
        "userDefined": false
      }
    ],
    "isTemplate": false,
    "count": 0,
    "updated": 1529802726
  },
  {
    "id": "1df58c18-e437-4a96-80a4-d94df77a8816",
    "data": [
      {
        "text": "Let\u0027s play Favourite City Name Maker",
        "userDefined": false
      }
    ],
    "isTemplate": false,
    "count": 0,
    "updated": 1529802726
  },
  {
    "id": "2b2487ad-099d-453e-b70c-1da5e143cef8",
    "data": [
      {
        "text": "Open City Name Maker",
        "userDefined": false
      }
    ],
    "isTemplate": false,
    "count": 0,
    "updated": 1529802726
  },
  {
    "id": "eecc9e6d-552a-4663-a78d-3b3ae0e9238d",
    "data": [
      {
        "text": "Open Favourite City Name Maker",
        "userDefined": false
      }
    ],
    "isTemplate": false,
    "count": 0,
    "updated": 1529802726
  },
  {
    "id": "0e074419-0676-47a2-b421-1d39da6cd174",
    "data": [
      {
        "text": "Let\u0027s play City Name Maker",
        "userDefined": false
      }
    ],
    "isTemplate": false,
    "count": 0,
    "updated": 1529802726
  },
  {
    "id": "9141a7ae-7bd9-4c64-95aa-7b63fd95e8c0",
    "data": [
      {
        "text": "I want to play City Name Maker",
        "userDefined": false
      }
    ],
    "isTemplate": false,
    "count": 0,
    "updated": 1529802726
  }
]